{"cameraMode":{"drawMode":0,"name":"Shaded","section":"Shading Mode"},"sceneLighting":true,"audioPlay":false,"sceneViewState":{"showFog":true,"showMaterialUpdate":false,"showSkybox":true,"showFlares":true,"showImageEffects":true,"showParticleSystems":true},"in2DMode":false,"pivot":{"x":2.3494479656219484,"y":-1.3636456727981568,"z":6.284276008605957},"rotation":{"x":0.2531014382839203,"y":0.31845271587371828,"z":-0.08864898979663849,"w":0.9092142581939697},"size":40.12428283691406,"orthographic":true}