{"cameraMode":{"drawMode":0,"name":"Shaded","section":"Shading Mode"},"sceneLighting":false,"audioPlay":false,"sceneViewState":{"showFog":true,"showMaterialUpdate":false,"showSkybox":false,"showFlares":true,"showImageEffects":true,"showParticleSystems":true},"in2DMode":false,"pivot":{"x":2.1592040061950685,"y":1.5436025857925416,"z":-1.3317947387695313},"rotation":{"x":-0.062088608741760257,"y":0.932624101638794,"z":-0.19469976425170899,"w":-0.2974080443382263},"size":5.1529059410095219,"orthographic":false}