{"cameraMode":{"drawMode":0,"name":"Shaded","section":"Shading Mode"},"sceneLighting":true,"audioPlay":false,"sceneViewState":{"showFog":true,"showMaterialUpdate":false,"showSkybox":true,"showFlares":true,"showImageEffects":true,"showParticleSystems":true},"in2DMode":false,"pivot":{"x":-2.031364679336548,"y":1.2599999904632569,"z":-0.5770492553710938},"rotation":{"x":0.2946362793445587,"y":-0.35909149050712588,"z":0.12059537321329117,"w":0.8773249983787537},"size":22.0,"orthographic":false}