{"cameraMode":{"drawMode":0,"name":"Shaded","section":"Shading Mode"},"sceneLighting":true,"audioPlay":false,"sceneViewState":{"showFog":true,"showMaterialUpdate":false,"showSkybox":true,"showFlares":true,"showImageEffects":true,"showParticleSystems":true},"in2DMode":false,"pivot":{"x":-1.1529884338378907,"y":0.2875518798828125,"z":1.1645889282226563},"rotation":{"x":-0.062088608741760257,"y":0.932624101638794,"z":-0.19469976425170899,"w":-0.2974080443382263},"size":11.566914558410645,"orthographic":false}