{"cameraMode":{"drawMode":0,"name":"Shaded","section":"Shading Mode"},"sceneLighting":true,"audioPlay":false,"sceneViewState":{"showFog":true,"showMaterialUpdate":false,"showSkybox":true,"showFlares":true,"showImageEffects":true,"showParticleSystems":true},"in2DMode":false,"pivot":{"x":0.8732955455780029,"y":-1.0857036113739014,"z":-3.3493192195892336},"rotation":{"x":0.5749718546867371,"y":-0.42167970538139346,"z":0.45318856835365298,"w":0.5349951386451721},"size":7.770832538604736,"orthographic":true}