{"cameraMode":{"drawMode":0,"name":"Shaded","section":"Shading Mode"},"sceneLighting":true,"audioPlay":false,"sceneViewState":{"showFog":true,"showMaterialUpdate":false,"showSkybox":true,"showFlares":true,"showImageEffects":true,"showParticleSystems":true},"in2DMode":false,"pivot":{"x":0.1370750367641449,"y":1.2602540254592896,"z":-5.906270980834961},"rotation":{"x":0.04052659869194031,"y":-0.5730716586112976,"z":0.028388287872076036,"w":0.8180203437805176},"size":1.5105055570602418,"orthographic":true}