{"cameraMode":{"drawMode":0,"name":"Shaded","section":"Shading Mode"},"sceneLighting":true,"audioPlay":false,"sceneViewState":{"showFog":true,"showMaterialUpdate":false,"showSkybox":true,"showFlares":true,"showImageEffects":true,"showParticleSystems":true},"in2DMode":false,"pivot":{"x":0.19355209171772004,"y":1.2537078857421876,"z":-0.22382508218288423},"rotation":{"x":0.026424188166856767,"y":0.9457656145095825,"z":-0.07963164895772934,"w":0.3138344883918762},"size":10.147472381591797,"orthographic":true}