{"cameraMode":{"drawMode":0,"name":"Shaded","section":"Shading Mode"},"sceneLighting":true,"audioPlay":false,"sceneViewState":{"showFog":true,"showMaterialUpdate":false,"showSkybox":true,"showFlares":true,"showImageEffects":true,"showParticleSystems":true},"in2DMode":false,"pivot":{"x":1.6592763662338257,"y":0.7914565801620483,"z":-2.800694227218628},"rotation":{"x":0.1571558713912964,"y":-0.6858838200569153,"z":0.15546277165412904,"w":0.6933282017707825},"size":10.147472381591797,"orthographic":true}