{"cameraMode":{"drawMode":0,"name":"Shaded","section":"Shading Mode"},"sceneLighting":true,"audioPlay":false,"sceneViewState":{"showFog":true,"showMaterialUpdate":false,"showSkybox":true,"showFlares":true,"showImageEffects":true,"showParticleSystems":true},"in2DMode":false,"pivot":{"x":6.801341533660889,"y":1.9999998807907105,"z":3.380401849746704},"rotation":{"x":0.026424188166856767,"y":0.9457656145095825,"z":-0.07963164895772934,"w":0.3138344883918762},"size":22.0,"orthographic":true}