{"cameraMode":{"drawMode":0,"name":"Shaded","section":"Shading Mode"},"sceneLighting":true,"audioPlay":false,"sceneViewState":{"showFog":true,"showMaterialUpdate":false,"showSkybox":true,"showFlares":true,"showImageEffects":true,"showParticleSystems":true},"in2DMode":false,"pivot":{"x":2.2646493911743166,"y":2.0025362968444826,"z":-1.7092517614364625},"rotation":{"x":0.3497917354106903,"y":0.627496063709259,"z":-0.5863361954689026,"w":0.37434691190719607},"size":1.8916507959365845,"orthographic":true}