{"cameraMode":{"drawMode":0,"name":"Shaded","section":"Shading Mode"},"sceneLighting":true,"audioPlay":false,"sceneViewState":{"showFog":true,"showMaterialUpdate":false,"showSkybox":true,"showFlares":true,"showImageEffects":true,"showParticleSystems":true},"in2DMode":false,"pivot":{"x":-8.194297790527344,"y":-0.33784186840057375,"z":-9.279253005981446},"rotation":{"x":0.09854372590780258,"y":0.8990786075592041,"z":-0.26517584919929507,"w":0.3341123163700104},"size":11.417224884033204,"orthographic":false}